consensusSequence,chromosome,geneName,start,end,hasPeak
TAAGGGGCT,chr6,ENST00000607519,2398355,2398363,TRUE
TAAGGGGCT,chr6,ENST00000532564,2398355,2398363,TRUE
TGTTTVYCAG,chr6,ENST00000545177,2853889,2853898,TRUE
TGTTTVYCAG,chr6,ENST00000583158,2853889,2853898,TRUE
CCCATAGCA,chr6,ENST00000607519,2398337,2398345,TRUE
CCCATAGCA,chr6,ENST00000532564,2398337,2398345,TRUE
GTGGACTCTA,chr6,ENST00000607519,2398347,2398356,TRUE
GTGGACTCTA,chr6,ENST00000532564,2398347,2398356,TRUE
GCCTGCC,chr6,ENST00000607519,2398411,2398417,TRUE
GCCTGCC,chr6,ENST00000532564,2398411,2398417,TRUE
GAGGCTGAC,chr6,ENST00000607519,2398385,2398393,TRUE
GAGGCTGAC,chr6,ENST00000532564,2398385,2398393,TRUE
GAHGNA,chr6,ENST00000479389,3063798,3063803,TRUE
GAHGNA,chr6,ENST00000420981,2854587,2854592,TRUE
GAHGNA,chr6,ENST00000545177,2853882,2853887,TRUE
GAHGNA,chr6,ENST00000583158,2853882,2853887,TRUE
GGAGATCTTA,chr6,ENST00000607519,2398365,2398374,TRUE
GGAGATCTTA,chr6,ENST00000532564,2398365,2398374,TRUE
ADVTCDDAGG,chr6,ENST00000410316,3088267,3088276,TRUE
ADVTCDDAGG,chr6,ENST00000259806,1389260,1389269,TRUE
ADVTCDDAGG,chr6,ENST00000607519,2398367,2398376,TRUE
ADVTCDDAGG,chr6,ENST00000532564,2398367,2398376,TRUE
GAGATCTTAG,chr6,ENST00000607519,2398366,2398375,TRUE
GAGATCTTAG,chr6,ENST00000532564,2398366,2398375,TRUE
CTGGCCAGG,chr6,ENST00000607519,2398400,2398408,TRUE
CTGGCCAGG,chr6,ENST00000532564,2398400,2398408,TRUE
GTCCCATAGC,chr6,ENST00000607519,2398335,2398344,TRUE
GTCCCATAGC,chr6,ENST00000532564,2398335,2398344,TRUE
CCATAGCAT,chr6,ENST00000607519,2398338,2398346,TRUE
CCATAGCAT,chr6,ENST00000532564,2398338,2398346,TRUE
GCDDACNVGG,chr6,ENST00000479389,3063784,3063793,TRUE
GCDDACNVGG,chr6,ENST00000420981,2854578,2854587,TRUE
GCDDACNVGG,chr6,ENST00000545177,2853859,2853868,TRUE
GCDDACNVGG,chr6,ENST00000583158,2853859,2853868,TRUE
CTGAAGGCT,chr6,ENST00000607519,2398393,2398401,TRUE
CTGAAGGCT,chr6,ENST00000532564,2398393,2398401,TRUE
GGGAGATCT,chr6,ENST00000607519,2398364,2398372,TRUE
GGGAGATCT,chr6,ENST00000532564,2398364,2398372,TRUE
AVGGCYAGGC,chr6,ENST00000420981,2854566,2854575,TRUE
TGGCCAGG,chr6,ENST00000607519,2398401,2398408,TRUE
TGGCCAGG,chr6,ENST00000532564,2398401,2398408,TRUE
GCTGGCCAG,chr6,ENST00000607519,2398399,2398407,TRUE
GCTGGCCAG,chr6,ENST00000532564,2398399,2398407,TRUE
AGCCTGCCT,chr6,ENST00000607519,2398410,2398418,TRUE
AGCCTGCCT,chr6,ENST00000532564,2398410,2398418,TRUE
CCNMTRRCNT,chr6,ENST00000607519,2398337,2398346,TRUE
CCNMTRRCNT,chr6,ENST00000532564,2398337,2398346,TRUE
TGGCCAGGG,chr6,ENST00000607519,2398401,2398409,TRUE
TGGCCAGGG,chr6,ENST00000532564,2398401,2398409,TRUE
GCCTGGTAA,chr6,ENST00000607519,2398415,2398423,TRUE
GCCTGGTAA,chr6,ENST00000532564,2398415,2398423,TRUE
TTTCTCA,chr6,ENST00000545177,2853891,2853897,TRUE
TTTCTCA,chr6,ENST00000583158,2853891,2853897,TRUE
